cell_current,count,lux,old_voltage,sensor,time,voltage,wifi_count
260.9136962890625,1,1035.0,0.0,Z2,2020-02-03T18:07:55Z,4.752758979797363,1
285.2791748046875,2,946.6666259765625,0.0,Z2,2020-02-03T18:07:56Z,4.817312240600586,1
285.2791748046875,3,985.8333129882812,4.817312240600586,Z2,2020-02-03T18:12:56Z,4.785035610198975,1
282.2335205078125,4,979.9999389648438,4.785035610198975,Z2,2020-02-03T18:17:56Z,4.7729315757751465,1
281.21826171875,5,979.9999389648438,4.7729315757751465,Z2,2020-02-03T18:22:57Z,4.758810520172119,1
281.21826171875,6,978.3333129882812,4.758810520172119,Z2,2020-02-03T18:27:57Z,4.752758979797363,1
281.21826171875,7,979.1666259765625,4.752758979797363,Z2,2020-02-03T18:32:58Z,4.752758979797363,1
281.21826171875,8,981.6666259765625,4.752758979797363,Z2,2020-02-03T18:37:58Z,4.738637924194336,1
76.14213562011719,9,0.0,4.738637924194336,Z2,2020-02-03T18:42:59Z,4.732585906982422,1
76.14213562011719,10,0.0,4.726533889770508,Z2,2020-02-03T18:47:59Z,4.6942572593688965,1
76.14213562011719,11,0.0,4.6942572593688965,Z2,2020-02-03T18:52:59Z,4.661980152130127,1
76.14213562011719,12,0.0,4.661980152130127,Z2,2020-02-03T18:58:00Z,4.629703521728516,1
76.14213562011719,13,0.0,4.629703521728516,Z2,2020-02-03T19:03:00Z,4.597426891326904,1
76.14213562011719,14,0.0,4.597426891326904,Z2,2020-02-03T19:08:01Z,4.571201801300049,1
76.14213562011719,15,0.0,4.571201801300049,Z2,2020-02-03T19:13:01Z,4.5389251708984375,1
76.14213562011719,16,0.0,4.5389251708984375,Z2,2020-02-03T19:18:02Z,4.504631042480469,1
76.14213562011719,17,0.0,4.504631042480469,Z2,2020-02-03T19:23:02Z,4.466302394866943,1
76.14213562011719,18,0.0,4.472353935241699,Z2,2020-02-03T19:28:02Z,4.440077304840088,1
76.14213562011719,19,0.0,4.434025287628174,Z2,2020-02-03T19:33:03Z,4.407800674438477,1
76.14213562011719,20,0.0,4.407800674438477,Z2,2020-02-03T19:38:03Z,4.375523567199707,1
76.14213562011719,21,0.0,4.375523567199707,Z2,2020-02-03T19:43:04Z,4.343246936798096,1
76.14213562011719,22,0.0,4.343246936798096,Z2,2020-02-03T19:48:04Z,4.310970306396484,1
76.14213562011719,23,0.0,4.31702184677124,Z2,2020-02-03T19:53:05Z,4.284745216369629,1
76.14213562011719,24,0.0,4.284745216369629,Z2,2020-02-03T19:58:05Z,4.258520126342773,1
76.14213562011719,25,0.0,4.258520126342773,Z2,2020-02-03T20:03:05Z,4.226243495941162,1
167.51268005371094,26,602.5,4.226243495941162,Z2,2020-02-03T20:08:06Z,4.200018405914307,1
274.1116943359375,27,945.8333129882812,4.200018405914307,Z2,2020-02-03T20:13:06Z,4.200018405914307,1
282.2335205078125,28,971.6666259765625,4.200018405914307,Z2,2020-02-03T20:18:07Z,4.206070423126221,1
284.26397705078125,29,979.9999389648438,4.206070423126221,Z2,2020-02-03T20:23:07Z,4.206070423126221,1
285.2791748046875,30,985.8333129882812,4.206070423126221,Z2,2020-02-03T20:28:08Z,4.206070423126221,1
284.26397705078125,31,982.4999389648438,4.212122440338135,Z2,2020-02-03T20:33:08Z,4.212122440338135,1
285.2791748046875,32,984.9999389648438,4.212122440338135,Z2,2020-02-03T20:38:08Z,4.212122440338135,1
284.26397705078125,33,984.9999389648438,4.212122440338135,Z2,2020-02-03T20:43:09Z,4.212122440338135,1
283.24871826171875,34,983.3333129882812,4.212122440338135,Z2,2020-02-03T20:48:09Z,4.212122440338135,1
284.26397705078125,35,984.9999389648438,4.212122440338135,Z2,2020-02-03T20:53:10Z,4.212122440338135,1
282.2335205078125,36,981.6666259765625,4.212122440338135,Z2,2020-02-03T20:58:10Z,4.220191478729248,1
282.2335205078125,37,980.8333129882812,4.220191478729248,Z2,2020-02-03T21:03:11Z,4.220191478729248,1
282.2335205078125,38,982.4999389648438,4.187914848327637,Z2,2020-02-03T21:07:08Z,4.193966865539551,2
281.21826171875,39,977.4999389648438,4.193966865539551,Z2,2020-02-03T21:12:08Z,4.193966865539551,2
280.2030334472656,40,975.8333129882812,4.193966865539551,Z2,2020-02-03T21:17:09Z,4.193966865539551,2
281.21826171875,41,979.9999389648438,4.193966865539551,Z2,2020-02-03T21:22:09Z,4.200018405914307,2
281.21826171875,42,980.8333129882812,4.200018405914307,Z2,2020-02-03T21:27:10Z,4.200018405914307,2
281.21826171875,43,980.8333129882812,4.193966865539551,Z2,2020-02-03T21:32:10Z,4.200018405914307,2
281.21826171875,44,979.1666259765625,4.200018405914307,Z2,2020-02-03T21:37:11Z,4.200018405914307,2
282.2335205078125,45,981.6666259765625,4.200018405914307,Z2,2020-02-03T21:42:11Z,4.206070423126221,2
281.21826171875,46,979.9999389648438,4.206070423126221,Z2,2020-02-03T21:47:11Z,4.206070423126221,2
281.21826171875,47,978.3333129882812,4.200018405914307,Z2,2020-02-03T21:52:12Z,4.206070423126221,2
281.21826171875,48,980.8333129882812,4.206070423126221,Z2,2020-02-03T21:57:12Z,4.200018405914307,2
281.21826171875,49,980.8333129882812,4.206070423126221,Z2,2020-02-03T22:02:13Z,4.206070423126221,2
282.2335205078125,50,983.3333129882812,4.206070423126221,Z2,2020-02-03T22:07:13Z,4.206070423126221,2
282.2335205078125,51,982.4999389648438,4.206070423126221,Z2,2020-02-03T22:12:14Z,4.212122440338135,2
282.2335205078125,52,981.6666259765625,4.212122440338135,Z2,2020-02-03T22:17:14Z,4.206070423126221,2
282.2335205078125,53,984.9999389648438,4.206070423126221,Z2,2020-02-03T22:22:14Z,4.206070423126221,2
282.2335205078125,54,981.6666259765625,4.206070423126221,Z2,2020-02-03T22:27:15Z,4.206070423126221,2
282.2335205078125,55,983.3333129882812,4.212122440338135,Z2,2020-02-03T22:32:15Z,4.212122440338135,2
282.2335205078125,56,983.3333129882812,4.212122440338135,Z2,2020-02-03T22:37:16Z,4.212122440338135,2
283.24871826171875,57,987.4999389648438,4.206070423126221,Z2,2020-02-03T22:42:16Z,4.212122440338135,2
283.24871826171875,58,985.8333129882812,4.212122440338135,Z2,2020-02-03T22:47:17Z,4.212122440338135,2
282.2335205078125,59,984.9999389648438,4.212122440338135,Z2,2020-02-03T22:52:17Z,4.212122440338135,2
282.2335205078125,60,984.9999389648438,4.212122440338135,Z2,2020-02-03T22:57:17Z,4.212122440338135,2
282.2335205078125,61,985.8333129882812,4.212122440338135,Z2,2020-02-03T23:02:18Z,4.212122440338135,2
283.24871826171875,62,987.4999389648438,4.212122440338135,Z2,2020-02-03T23:07:18Z,4.212122440338135,2
283.24871826171875,63,987.4999389648438,4.212122440338135,Z2,2020-02-03T23:12:19Z,4.212122440338135,2
283.24871826171875,64,986.6666259765625,4.212122440338135,Z2,2020-02-03T23:17:19Z,4.212122440338135,2
283.24871826171875,65,987.4999389648438,4.212122440338135,Z2,2020-02-03T23:22:20Z,4.220191478729248,2
282.2335205078125,66,984.9999389648438,4.212122440338135,Z2,2020-02-03T23:27:20Z,4.220191478729248,2
283.24871826171875,67,988.3333129882812,4.220191478729248,Z2,2020-02-03T23:32:20Z,4.220191478729248,2
283.24871826171875,68,987.4999389648438,4.220191478729248,Z2,2020-02-03T23:37:21Z,4.220191478729248,2
282.2335205078125,69,987.4999389648438,4.226243495941162,Z2,2020-02-03T23:42:21Z,4.226243495941162,2
284.26397705078125,70,989.9999389648438,4.226243495941162,Z2,2020-02-03T23:47:22Z,4.226243495941162,2
280.2030334472656,71,978.3333129882812,4.226243495941162,Z2,2020-02-03T23:52:22Z,4.226243495941162,2
280.2030334472656,72,979.1666259765625,4.226243495941162,Z2,2020-02-03T23:57:23Z,4.226243495941162,2
281.21826171875,73,981.6666259765625,4.226243495941162,Z2,2020-02-04T00:02:23Z,4.226243495941162,2
280.2030334472656,74,980.8333129882812,4.193966865539551,Z2,2020-02-04T00:06:18Z,4.206070423126221,3
281.21826171875,75,981.6666259765625,4.206070423126221,Z2,2020-02-04T00:11:18Z,4.206070423126221,3
280.2030334472656,76,979.1666259765625,4.206070423126221,Z2,2020-02-04T00:16:18Z,4.212122440338135,3
280.2030334472656,77,979.9999389648438,4.206070423126221,Z2,2020-02-04T00:21:19Z,4.206070423126221,3
280.2030334472656,78,979.9999389648438,4.212122440338135,Z2,2020-02-04T00:26:19Z,4.206070423126221,3
280.2030334472656,79,979.1666259765625,4.212122440338135,Z2,2020-02-04T00:31:20Z,4.206070423126221,3
280.2030334472656,80,978.3333129882812,4.212122440338135,Z2,2020-02-04T00:36:20Z,4.212122440338135,3
280.2030334472656,81,978.3333129882812,4.212122440338135,Z2,2020-02-04T00:41:21Z,4.212122440338135,3
280.2030334472656,82,977.4999389648438,4.212122440338135,Z2,2020-02-04T00:46:21Z,4.212122440338135,3
280.2030334472656,83,978.3333129882812,4.212122440338135,Z2,2020-02-04T00:51:21Z,4.212122440338135,3
280.2030334472656,84,977.4999389648438,4.212122440338135,Z2,2020-02-04T00:56:22Z,4.212122440338135,3
280.2030334472656,85,981.6666259765625,4.212122440338135,Z2,2020-02-04T01:01:22Z,4.212122440338135,3
280.2030334472656,86,979.9999389648438,4.212122440338135,Z2,2020-02-04T01:06:23Z,4.212122440338135,3
280.2030334472656,87,981.6666259765625,4.212122440338135,Z2,2020-02-04T01:11:23Z,4.212122440338135,3
281.21826171875,88,982.4999389648438,4.212122440338135,Z2,2020-02-04T01:16:24Z,4.220191478729248,3
280.2030334472656,89,979.1666259765625,4.220191478729248,Z2,2020-02-04T01:21:24Z,4.220191478729248,3
280.2030334472656,90,982.4999389648438,4.220191478729248,Z2,2020-02-04T01:26:24Z,4.220191478729248,3
280.2030334472656,91,983.3333129882812,4.220191478729248,Z2,2020-02-04T01:31:25Z,4.220191478729248,3
280.2030334472656,92,981.6666259765625,4.220191478729248,Z2,2020-02-04T01:36:25Z,4.220191478729248,3
280.2030334472656,93,982.4999389648438,4.220191478729248,Z2,2020-02-04T01:41:26Z,4.226243495941162,3
280.2030334472656,94,981.6666259765625,4.226243495941162,Z2,2020-02-04T01:46:26Z,4.220191478729248,3
280.2030334472656,95,980.8333129882812,4.220191478729248,Z2,2020-02-04T01:51:27Z,4.220191478729248,3
280.2030334472656,96,979.9999389648438,4.220191478729248,Z2,2020-02-04T01:56:27Z,4.226243495941162,3
279.1878356933594,97,979.1666259765625,4.226243495941162,Z2,2020-02-04T02:01:27Z,4.226243495941162,3
280.2030334472656,98,979.1666259765625,4.226243495941162,Z2,2020-02-04T02:06:28Z,4.226243495941162,3
279.1878356933594,99,977.4999389648438,4.226243495941162,Z2,2020-02-04T02:11:28Z,4.226243495941162,3
280.2030334472656,100,979.9999389648438,4.226243495941162,Z2,2020-02-04T02:16:29Z,4.226243495941162,3
280.2030334472656,101,979.9999389648438,4.226243495941162,Z2,2020-02-04T02:21:29Z,4.226243495941162,3
279.1878356933594,102,978.3333129882812,4.232295513153076,Z2,2020-02-04T02:26:30Z,4.226243495941162,3
280.2030334472656,103,979.1666259765625,4.226243495941162,Z2,2020-02-04T02:31:30Z,4.226243495941162,3
280.2030334472656,104,980.8333129882812,4.232295513153076,Z2,2020-02-04T02:36:30Z,4.232295513153076,3
280.2030334472656,105,979.1666259765625,4.232295513153076,Z2,2020-02-04T02:41:31Z,4.232295513153076,3
280.2030334472656,106,982.4999389648438,4.232295513153076,Z2,2020-02-04T02:46:31Z,4.232295513153076,3
280.2030334472656,107,980.8333129882812,4.232295513153076,Z2,2020-02-04T02:51:32Z,4.232295513153076,3
280.2030334472656,108,981.6666259765625,4.232295513153076,Z2,2020-02-04T02:56:32Z,4.232295513153076,3
280.2030334472656,109,981.6666259765625,4.232295513153076,Z2,2020-02-04T03:01:33Z,4.232295513153076,3
279.1878356933594,110,979.9999389648438,4.161689758300781,Z2,2020-02-04T03:05:28Z,4.200018405914307,4
279.1878356933594,111,980.8333129882812,4.200018405914307,Z2,2020-02-04T03:10:29Z,4.200018405914307,4
279.1878356933594,112,978.3333129882812,4.200018405914307,Z2,2020-02-04T03:15:29Z,4.200018405914307,4
279.1878356933594,113,977.4999389648438,4.200018405914307,Z2,2020-02-04T03:20:30Z,4.200018405914307,4
278.1725769042969,114,976.6666259765625,4.200018405914307,Z2,2020-02-04T03:25:30Z,4.200018405914307,4
279.1878356933594,115,979.1666259765625,4.200018405914307,Z2,2020-02-04T03:30:31Z,4.200018405914307,4
279.1878356933594,116,978.3333129882812,4.200018405914307,Z2,2020-02-04T03:35:31Z,4.206070423126221,4
278.1725769042969,117,977.4999389648438,4.206070423126221,Z2,2020-02-04T03:40:31Z,4.206070423126221,4
278.1725769042969,118,976.6666259765625,4.206070423126221,Z2,2020-02-04T03:45:32Z,4.206070423126221,4
279.1878356933594,119,978.3333129882812,4.206070423126221,Z2,2020-02-04T03:50:32Z,4.206070423126221,4
279.1878356933594,120,978.3333129882812,4.206070423126221,Z2,2020-02-04T03:55:33Z,4.206070423126221,4
279.1878356933594,121,977.4999389648438,4.206070423126221,Z2,2020-02-04T04:00:33Z,4.212122440338135,4
278.1725769042969,122,974.1666259765625,4.206070423126221,Z2,2020-02-04T04:05:34Z,4.206070423126221,4
280.2030334472656,123,984.9999389648438,4.206070423126221,Z2,2020-02-04T04:10:34Z,4.206070423126221,4
280.2030334472656,124,984.9999389648438,4.206070423126221,Z2,2020-02-04T04:15:34Z,4.212122440338135,4
280.2030334472656,125,984.1666259765625,4.212122440338135,Z2,2020-02-04T04:20:35Z,4.212122440338135,4
280.2030334472656,126,987.4999389648438,4.212122440338135,Z2,2020-02-04T04:25:35Z,4.212122440338135,4
280.2030334472656,127,986.6666259765625,4.212122440338135,Z2,2020-02-04T04:30:36Z,4.212122440338135,4
280.2030334472656,128,984.9999389648438,4.212122440338135,Z2,2020-02-04T04:35:36Z,4.212122440338135,4
279.1878356933594,129,982.4999389648438,4.212122440338135,Z2,2020-02-04T04:40:37Z,4.212122440338135,4
281.21826171875,130,987.4999389648438,4.212122440338135,Z2,2020-02-04T04:45:37Z,4.212122440338135,4
278.1725769042969,131,978.3333129882812,4.212122440338135,Z2,2020-02-04T04:50:37Z,4.220191478729248,4
278.1725769042969,132,976.6666259765625,4.212122440338135,Z2,2020-02-04T04:55:38Z,4.212122440338135,4
278.1725769042969,133,975.8333129882812,4.212122440338135,Z2,2020-02-04T05:00:38Z,4.220191478729248,4
278.1725769042969,134,979.9999389648438,4.220191478729248,Z2,2020-02-04T05:05:39Z,4.220191478729248,4
278.1725769042969,135,979.1666259765625,4.220191478729248,Z2,2020-02-04T05:10:39Z,4.220191478729248,4
278.1725769042969,136,978.3333129882812,4.220191478729248,Z2,2020-02-04T05:15:40Z,4.220191478729248,4
279.1878356933594,137,979.9999389648438,4.220191478729248,Z2,2020-02-04T05:20:40Z,4.220191478729248,4
278.1725769042969,138,979.1666259765625,4.220191478729248,Z2,2020-02-04T05:25:40Z,4.226243495941162,4
277.1573791503906,139,975.8333129882812,4.220191478729248,Z2,2020-02-04T05:30:41Z,4.226243495941162,4
280.2030334472656,140,988.3333129882812,4.226243495941162,Z2,2020-02-04T05:35:41Z,4.226243495941162,4
279.1878356933594,141,984.9999389648438,4.226243495941162,Z2,2020-02-04T05:40:42Z,4.226243495941162,4
280.2030334472656,142,984.9999389648438,4.226243495941162,Z2,2020-02-04T05:45:42Z,4.226243495941162,4
280.2030334472656,143,987.4999389648438,4.226243495941162,Z2,2020-02-04T05:50:43Z,4.226243495941162,4
279.1878356933594,144,980.8333129882812,4.232295513153076,Z2,2020-02-04T05:55:43Z,4.226243495941162,4
280.2030334472656,145,989.1666259765625,4.226243495941162,Z2,2020-02-04T06:00:43Z,4.226243495941162,4
280.2030334472656,146,986.6666259765625,4.173793792724609,Z2,2020-02-04T06:04:38Z,4.187914848327637,5
278.1725769042969,147,979.1666259765625,4.187914848327637,Z2,2020-02-04T06:09:39Z,4.193966865539551,5
278.1725769042969,148,981.6666259765625,4.193966865539551,Z2,2020-02-04T06:14:39Z,4.193966865539551,5
278.1725769042969,149,981.6666259765625,4.193966865539551,Z2,2020-02-04T06:19:40Z,4.193966865539551,5
280.2030334472656,150,987.4999389648438,4.193966865539551,Z2,2020-02-04T06:24:40Z,4.200018405914307,5
280.2030334472656,151,985.8333129882812,4.200018405914307,Z2,2020-02-04T06:29:41Z,4.200018405914307,5
279.1878356933594,152,984.9999389648438,4.200018405914307,Z2,2020-02-04T06:34:41Z,4.200018405914307,5
279.1878356933594,153,982.4999389648438,4.200018405914307,Z2,2020-02-04T06:39:41Z,4.206070423126221,5
76.14213562011719,154,0.0,4.200018405914307,Z2,2020-02-04T06:44:42Z,4.193966865539551,5
76.14213562011719,155,0.0,4.187914848327637,Z2,2020-02-04T06:49:42Z,4.153620719909668,5
76.14213562011719,156,0.0,4.161689758300781,Z2,2020-02-04T06:54:43Z,4.12941312789917,5
76.14213562011719,157,0.0,4.12941312789917,Z2,2020-02-04T06:59:43Z,4.095118999481201,5
76.14213562011719,158,0.0,4.095118999481201,Z2,2020-02-04T07:04:44Z,4.06284236907959,5
76.14213562011719,159,0.0,4.06284236907959,Z2,2020-02-04T07:09:44Z,4.03056526184082,5
76.14213562011719,160,0.0,4.03056526184082,Z2,2020-02-04T07:14:44Z,3.998288631439209,5
76.14213562011719,161,0.0,4.004340648651123,Z2,2020-02-04T07:19:45Z,3.9720637798309326,5
76.14213562011719,162,0.0,3.9720637798309326,Z2,2020-02-04T07:24:45Z,3.945838689804077,5
76.14213562011719,163,0.0,3.945838689804077,Z2,2020-02-04T07:29:46Z,3.913562059402466,5
76.14213562011719,164,0.0,3.9075100421905518,Z2,2020-02-04T07:34:46Z,3.8812851905822754,5
76.14213562011719,165,0.0,3.8812851905822754,Z2,2020-02-04T07:39:47Z,3.849008321762085,5
76.14213562011719,166,0.0,3.849008321762085,Z2,2020-02-04T07:44:47Z,3.8227834701538086,5
76.14213562011719,167,0.0,3.8227834701538086,Z2,2020-02-04T07:49:47Z,3.7965586185455322,5
76.14213562011719,168,0.0,3.7965586185455322,Z2,2020-02-04T07:54:48Z,3.764281749725342,5
76.14213562011719,169,0.0,3.764281749725342,Z2,2020-02-04T07:59:48Z,3.7320048809051514,5
76.14213562011719,170,0.0,3.7320048809051514,Z2,2020-02-04T08:04:49Z,3.705780029296875,5
250.76141357421875,171,880.8333129882812,3.705780029296875,Z2,2020-02-04T08:09:49Z,3.693676233291626,5
271.06597900390625,172,946.6666259765625,3.693676233291626,Z2,2020-02-04T08:14:49Z,3.69972825050354,5
279.1878356933594,173,972.4999389648438,3.69972825050354,Z2,2020-02-04T08:19:50Z,3.705780029296875,5
280.2030334472656,174,976.6666259765625,3.705780029296875,Z2,2020-02-04T08:24:50Z,3.711832046508789,5
280.2030334472656,175,982.4999389648438,3.711832046508789,Z2,2020-02-04T08:29:51Z,3.717883825302124,5
280.2030334472656,176,979.9999389648438,3.711832046508789,Z2,2020-02-04T08:34:51Z,3.717883825302124,5
280.2030334472656,177,981.6666259765625,3.717883825302124,Z2,2020-02-04T08:39:52Z,3.7259531021118164,5
280.2030334472656,178,981.6666259765625,3.7259531021118164,Z2,2020-02-04T08:44:52Z,3.7320048809051514,5
278.1725769042969,179,978.3333129882812,3.7320048809051514,Z2,2020-02-04T08:49:52Z,3.7380568981170654,5
278.1725769042969,180,979.1666259765625,3.7380568981170654,Z2,2020-02-04T08:54:53Z,3.7441089153289795,5
278.1725769042969,181,978.3333129882812,3.7441089153289795,Z2,2020-02-04T08:59:53Z,3.7441089153289795,5
278.1725769042969,182,975.8333129882812,3.711832046508789,Z2,2020-02-04T09:03:48Z,3.7259531021118164,6
278.1725769042969,183,977.4999389648438,3.7320048809051514,Z2,2020-02-04T09:08:49Z,3.7320048809051514,6
278.1725769042969,184,974.9999389648438,3.7320048809051514,Z2,2020-02-04T09:13:49Z,3.7380568981170654,6
277.1573791503906,185,974.1666259765625,3.7380568981170654,Z2,2020-02-04T09:18:50Z,3.7380568981170654,6
277.1573791503906,186,974.1666259765625,3.7380568981170654,Z2,2020-02-04T09:23:50Z,3.7441089153289795,6
277.1573791503906,187,974.9999389648438,3.7441089153289795,Z2,2020-02-04T09:28:51Z,3.7441089153289795,6
276.1421203613281,188,972.4999389648438,3.7441089153289795,Z2,2020-02-04T09:33:51Z,3.7521779537200928,6
277.1573791503906,189,977.4999389648438,3.7521779537200928,Z2,2020-02-04T09:38:51Z,3.758229970932007,6
278.1725769042969,190,978.3333129882812,3.7521779537200928,Z2,2020-02-04T09:43:52Z,3.758229970932007,6
278.1725769042969,191,979.1666259765625,3.758229970932007,Z2,2020-02-04T09:48:52Z,3.764281749725342,6
277.1573791503906,192,977.4999389648438,3.764281749725342,Z2,2020-02-04T09:53:53Z,3.770333766937256,6
278.1725769042969,193,977.4999389648438,3.770333766937256,Z2,2020-02-04T09:58:53Z,3.778402805328369,6
277.1573791503906,194,975.8333129882812,3.778402805328369,Z2,2020-02-04T10:03:54Z,3.778402805328369,6
277.1573791503906,195,977.4999389648438,3.778402805328369,Z2,2020-02-04T10:08:54Z,3.778402805328369,6
277.1573791503906,196,976.6666259765625,3.784454822540283,Z2,2020-02-04T10:13:54Z,3.784454822540283,6
277.1573791503906,197,976.6666259765625,3.784454822540283,Z2,2020-02-04T10:18:55Z,3.790506601333618,6
276.1421203613281,198,974.9999389648438,3.790506601333618,Z2,2020-02-04T10:23:55Z,3.790506601333618,6
275.12689208984375,199,974.1666259765625,3.790506601333618,Z2,2020-02-04T10:28:56Z,3.7965586185455322,6
276.1421203613281,200,976.6666259765625,3.7965586185455322,Z2,2020-02-04T10:33:56Z,3.7965586185455322,6
275.12689208984375,201,975.8333129882812,3.7965586185455322,Z2,2020-02-04T10:38:57Z,3.7965586185455322,6
276.1421203613281,202,977.4999389648438,3.7965586185455322,Z2,2020-02-04T10:43:57Z,3.802610397338867,6
275.12689208984375,203,973.3333129882812,3.802610397338867,Z2,2020-02-04T10:48:57Z,3.8106796741485596,6
276.1421203613281,204,976.6666259765625,3.8106796741485596,Z2,2020-02-04T10:53:58Z,3.8106796741485596,6
277.1573791503906,205,978.3333129882812,3.8106796741485596,Z2,2020-02-04T10:58:58Z,3.8167316913604736,6
276.1421203613281,206,974.9999389648438,3.8167316913604736,Z2,2020-02-04T11:03:59Z,3.8227834701538086,6
275.12689208984375,207,974.1666259765625,3.8167316913604736,Z2,2020-02-04T11:08:59Z,3.8167316913604736,6
274.1116943359375,208,970.8333129882812,3.8227834701538086,Z2,2020-02-04T11:13:59Z,3.8227834701538086,6
275.12689208984375,209,972.4999389648438,3.8227834701538086,Z2,2020-02-04T11:19:00Z,3.8288354873657227,6
275.12689208984375,210,974.9999389648438,3.8288354873657227,Z2,2020-02-04T11:24:00Z,3.8288354873657227,6
275.12689208984375,211,974.1666259765625,3.836904525756836,Z2,2020-02-04T11:29:01Z,3.836904525756836,6
275.12689208984375,212,974.9999389648438,3.836904525756836,Z2,2020-02-04T11:34:01Z,3.836904525756836,6
273.096435546875,213,969.9999389648438,3.836904525756836,Z2,2020-02-04T11:39:02Z,3.84295654296875,6
273.096435546875,214,969.1666259765625,3.84295654296875,Z2,2020-02-04T11:44:02Z,3.84295654296875,6
272.08123779296875,215,967.4999389648438,3.84295654296875,Z2,2020-02-04T11:49:02Z,3.84295654296875,6
272.08123779296875,216,969.1666259765625,3.849008321762085,Z2,2020-02-04T11:54:03Z,3.849008321762085,6
273.096435546875,217,969.1666259765625,3.849008321762085,Z2,2020-02-04T11:59:03Z,3.849008321762085,6
273.096435546875,218,966.6666259765625,3.8227834701538086,Z2,2020-02-04T12:02:58Z,3.836904525756836,7
271.06597900390625,219,964.9999389648438,3.836904525756836,Z2,2020-02-04T12:07:59Z,3.836904525756836,7
272.08123779296875,220,967.4999389648438,3.836904525756836,Z2,2020-02-04T12:12:59Z,3.84295654296875,7
272.08123779296875,221,967.4999389648438,3.84295654296875,Z2,2020-02-04T12:18:00Z,3.84295654296875,7
271.06597900390625,222,964.9999389648438,3.84295654296875,Z2,2020-02-04T12:23:00Z,3.84295654296875,7
272.08123779296875,223,967.4999389648438,3.84295654296875,Z2,2020-02-04T12:28:00Z,3.849008321762085,7
272.08123779296875,224,966.6666259765625,3.849008321762085,Z2,2020-02-04T12:33:01Z,3.849008321762085,7
274.1116943359375,225,971.6666259765625,3.849008321762085,Z2,2020-02-04T12:38:01Z,3.855060338973999,7
272.08123779296875,226,967.4999389648438,3.855060338973999,Z2,2020-02-04T12:43:02Z,3.855060338973999,7
272.08123779296875,227,969.1666259765625,3.855060338973999,Z2,2020-02-04T12:48:02Z,3.855060338973999,7
273.096435546875,228,972.4999389648438,3.855060338973999,Z2,2020-02-04T12:53:03Z,3.855060338973999,7
270.0507507324219,229,964.9999389648438,3.855060338973999,Z2,2020-02-04T12:58:03Z,3.861112117767334,7
271.06597900390625,230,965.8333129882812,3.861112117767334,Z2,2020-02-04T13:03:03Z,3.8691813945770264,7
272.08123779296875,231,969.1666259765625,3.8691813945770264,Z2,2020-02-04T13:08:04Z,3.8691813945770264,7
271.06597900390625,232,965.8333129882812,3.8691813945770264,Z2,2020-02-04T13:13:04Z,3.8691813945770264,7
271.06597900390625,233,967.4999389648438,3.8691813945770264,Z2,2020-02-04T13:18:05Z,3.8752334117889404,7
271.06597900390625,234,966.6666259765625,3.8752334117889404,Z2,2020-02-04T13:23:05Z,3.8812851905822754,7
271.06597900390625,235,964.9999389648438,3.8752334117889404,Z2,2020-02-04T13:28:05Z,3.8752334117889404,7
272.08123779296875,236,969.1666259765625,3.8812851905822754,Z2,2020-02-04T13:33:06Z,3.8812851905822754,7
270.0507507324219,237,964.9999389648438,3.8812851905822754,Z2,2020-02-04T13:38:06Z,3.8812851905822754,7
274.1116943359375,238,977.4999389648438,3.8873372077941895,Z2,2020-02-04T13:43:07Z,3.8873372077941895,7
274.1116943359375,239,977.4999389648438,3.8873372077941895,Z2,2020-02-04T13:48:07Z,3.8873372077941895,7
274.1116943359375,240,978.3333129882812,3.8954062461853027,Z2,2020-02-04T13:53:08Z,3.8954062461853027,7
274.1116943359375,241,976.6666259765625,3.8954062461853027,Z2,2020-02-04T13:58:08Z,3.8954062461853027,7
274.1116943359375,242,975.8333129882812,3.8954062461853027,Z2,2020-02-04T14:03:08Z,3.901458263397217,7
274.1116943359375,243,975.8333129882812,3.901458263397217,Z2,2020-02-04T14:08:09Z,3.901458263397217,7
274.1116943359375,244,976.6666259765625,3.901458263397217,Z2,2020-02-04T14:13:09Z,3.901458263397217,7
272.08123779296875,245,969.9999389648438,3.901458263397217,Z2,2020-02-04T14:18:10Z,3.901458263397217,7
271.06597900390625,246,969.9999389648438,3.901458263397217,Z2,2020-02-04T14:23:10Z,3.9075100421905518,7
272.08123779296875,247,970.8333129882812,3.9075100421905518,Z2,2020-02-04T14:28:11Z,3.913562059402466,7
271.06597900390625,248,969.9999389648438,3.913562059402466,Z2,2020-02-04T14:33:11Z,3.913562059402466,7
272.08123779296875,249,972.4999389648438,3.913562059402466,Z2,2020-02-04T14:38:11Z,3.913562059402466,7
273.096435546875,250,973.3333129882812,3.913562059402466,Z2,2020-02-04T14:43:12Z,3.919613838195801,7
272.08123779296875,251,973.3333129882812,3.919613838195801,Z2,2020-02-04T14:48:12Z,3.919613838195801,7
272.08123779296875,252,972.4999389648438,3.919613838195801,Z2,2020-02-04T14:53:13Z,3.919613838195801,7
272.08123779296875,253,973.3333129882812,3.919613838195801,Z2,2020-02-04T14:58:13Z,3.927683115005493,7
273.096435546875,254,974.9999389648438,3.8873372077941895,Z2,2020-02-04T15:02:08Z,3.901458263397217,8
272.08123779296875,255,972.4999389648438,3.9075100421905518,Z2,2020-02-04T15:07:08Z,3.9075100421905518,8
272.08123779296875,256,972.4999389648438,3.9075100421905518,Z2,2020-02-04T15:12:09Z,3.913562059402466,8
271.06597900390625,257,971.6666259765625,3.913562059402466,Z2,2020-02-04T15:17:09Z,3.9075100421905518,8
271.06597900390625,258,969.9999389648438,3.9075100421905518,Z2,2020-02-04T15:22:10Z,3.913562059402466,8
273.096435546875,259,976.6666259765625,3.913562059402466,Z2,2020-02-04T15:27:10Z,3.913562059402466,8
272.08123779296875,260,973.3333129882812,3.913562059402466,Z2,2020-02-04T15:32:10Z,3.919613838195801,8
271.06597900390625,261,967.4999389648438,3.919613838195801,Z2,2020-02-04T15:37:11Z,3.927683115005493,8
271.06597900390625,262,969.9999389648438,3.919613838195801,Z2,2020-02-04T15:42:11Z,3.927683115005493,8
271.06597900390625,263,969.9999389648438,3.927683115005493,Z2,2020-02-04T15:47:12Z,3.927683115005493,8
270.0507507324219,264,965.8333129882812,3.927683115005493,Z2,2020-02-04T15:52:12Z,3.927683115005493,8
270.0507507324219,265,967.4999389648438,3.927683115005493,Z2,2020-02-04T15:57:13Z,3.933734893798828,8
271.06597900390625,266,967.4999389648438,3.933734893798828,Z2,2020-02-04T16:02:13Z,3.933734893798828,8
270.0507507324219,267,967.4999389648438,3.939786911010742,Z2,2020-02-04T16:07:13Z,3.933734893798828,8
270.0507507324219,268,965.8333129882812,3.933734893798828,Z2,2020-02-04T16:12:14Z,3.939786911010742,8
271.06597900390625,269,969.1666259765625,3.939786911010742,Z2,2020-02-04T16:17:14Z,3.939786911010742,8
270.0507507324219,270,969.1666259765625,3.939786911010742,Z2,2020-02-04T16:22:15Z,3.945838689804077,8
270.0507507324219,271,967.4999389648438,3.945838689804077,Z2,2020-02-04T16:27:15Z,3.945838689804077,8
271.06597900390625,272,969.9999389648438,3.945838689804077,Z2,2020-02-04T16:32:16Z,3.945838689804077,8
272.08123779296875,273,975.8333129882812,3.945838689804077,Z2,2020-02-04T16:37:16Z,3.945838689804077,8
275.12689208984375,274,985.8333129882812,3.9539079666137695,Z2,2020-02-04T16:42:16Z,3.9539079666137695,8
271.06597900390625,275,971.6666259765625,3.945838689804077,Z2,2020-02-04T16:47:17Z,3.9539079666137695,8
271.06597900390625,276,972.4999389648438,3.9539079666137695,Z2,2020-02-04T16:52:17Z,3.9539079666137695,8
271.06597900390625,277,969.9999389648438,3.9539079666137695,Z2,2020-02-04T16:57:18Z,3.9599599838256836,8
271.06597900390625,278,971.6666259765625,3.9599599838256836,Z2,2020-02-04T17:02:18Z,3.9599599838256836,8
272.08123779296875,279,975.8333129882812,3.9599599838256836,Z2,2020-02-04T17:07:18Z,3.9599599838256836,8
272.08123779296875,280,975.8333129882812,3.9660117626190186,Z2,2020-02-04T17:12:19Z,3.9660117626190186,8
272.08123779296875,281,974.9999389648438,3.9660117626190186,Z2,2020-02-04T17:17:19Z,3.9720637798309326,8
271.06597900390625,282,974.9999389648438,3.9720637798309326,Z2,2020-02-04T17:22:20Z,3.9720637798309326,8
272.08123779296875,283,974.9999389648438,3.9720637798309326,Z2,2020-02-04T17:27:20Z,3.9720637798309326,8
272.08123779296875,284,975.8333129882812,3.9720637798309326,Z2,2020-02-04T17:32:21Z,3.9781155586242676,8
273.096435546875,285,979.9999389648438,3.9720637798309326,Z2,2020-02-04T17:37:21Z,3.9781155586242676,8
273.096435546875,286,978.3333129882812,3.9781155586242676,Z2,2020-02-04T17:42:21Z,3.9781155586242676,8
274.1116943359375,287,982.4999389648438,3.9781155586242676,Z2,2020-02-04T17:47:22Z,3.98618483543396,8
274.1116943359375,288,980.8333129882812,3.9781155586242676,Z2,2020-02-04T17:52:22Z,3.98618483543396,8
274.1116943359375,289,983.3333129882812,3.98618483543396,Z2,2020-02-04T17:57:23Z,3.98618483543396,8
273.096435546875,290,980.8333129882812,3.933734893798828,Z2,2020-02-04T18:01:18Z,3.945838689804077,9
274.1116943359375,291,979.9999389648438,3.945838689804077,Z2,2020-02-04T18:06:19Z,3.9539079666137695,9
273.096435546875,292,979.1666259765625,3.9539079666137695,Z2,2020-02-04T18:11:19Z,3.9539079666137695,9
273.096435546875,293,979.1666259765625,3.9539079666137695,Z2,2020-02-04T18:16:19Z,3.9539079666137695,9
274.1116943359375,294,979.9999389648438,3.9539079666137695,Z2,2020-02-04T18:21:20Z,3.9539079666137695,9
273.096435546875,295,979.1666259765625,3.9599599838256836,Z2,2020-02-04T18:26:20Z,3.9599599838256836,9
273.096435546875,296,978.3333129882812,3.9599599838256836,Z2,2020-02-04T18:31:21Z,3.9660117626190186,9
274.1116943359375,297,981.6666259765625,3.9599599838256836,Z2,2020-02-04T18:36:21Z,3.9660117626190186,9
273.096435546875,298,979.1666259765625,3.9660117626190186,Z2,2020-02-04T18:41:21Z,3.9660117626190186,9
76.14213562011719,299,0.0,3.9660117626190186,Z2,2020-02-04T18:46:22Z,3.933734893798828,9
76.14213562011719,300,0.0,3.933734893798828,Z2,2020-02-04T18:51:22Z,3.901458263397217,9
76.14213562011719,301,0.0,3.901458263397217,Z2,2020-02-04T18:56:23Z,3.8752334117889404,9
76.14213562011719,302,0.0,3.8752334117889404,Z2,2020-02-04T19:01:23Z,3.84295654296875,9
76.14213562011719,303,0.0,3.849008321762085,Z2,2020-02-04T19:06:24Z,3.8167316913604736,9
76.14213562011719,304,0.0,3.8167316913604736,Z2,2020-02-04T19:11:24Z,3.784454822540283,9
76.14213562011719,305,0.0,3.784454822540283,Z2,2020-02-04T19:16:24Z,3.7521779537200928,9
76.14213562011719,306,0.0,3.7441089153289795,Z2,2020-02-04T19:21:25Z,3.717883825302124,9
76.14213562011719,307,0.0,3.717883825302124,Z2,2020-02-04T19:26:25Z,3.693676233291626,9
76.14213562011719,308,0.0,3.693676233291626,Z2,2020-02-04T19:31:26Z,3.6593821048736572,9
76.14213562011719,309,0.0,3.6593821048736572,Z2,2020-02-04T19:36:26Z,3.627105474472046,9
76.14213562011719,310,0.0,3.635174512863159,Z2,2020-02-04T19:41:27Z,3.5887765884399414,9
76.14213562011719,311,0.0,3.5887765884399414,Z2,2020-02-04T19:46:27Z,3.562551736831665,9
76.14213562011719,312,0.0,3.562551736831665,Z2,2020-02-04T19:51:27Z,3.5302751064300537,9
76.14213562011719,313,0.0,3.5302751064300537,Z2,2020-02-04T19:56:28Z,3.5040500164031982,9
76.14213562011719,314,0.0,3.4979982376098633,Z2,2020-02-04T20:01:28Z,3.471773386001587,9
76.14213562011719,315,0.0,3.471773386001587,Z2,2020-02-04T20:06:29Z,3.4394965171813965,9
259.89849853515625,316,923.3333129882812,3.4394965171813965,Z2,2020-02-04T20:11:29Z,3.4394965171813965,9
272.08123779296875,317,962.4999389648438,3.4334444999694824,Z2,2020-02-04T20:16:30Z,3.4455482959747314,9
277.1573791503906,318,979.1666259765625,3.4455482959747314,Z2,2020-02-04T20:21:30Z,3.4455482959747314,9
278.1725769042969,319,984.9999389648438,3.4516003131866455,Z2,2020-02-04T20:26:30Z,3.459669589996338,9
278.1725769042969,320,984.1666259765625,3.459669589996338,Z2,2020-02-04T20:31:31Z,3.459669589996338,9
278.1725769042969,321,984.9999389648438,3.459669589996338,Z2,2020-02-04T20:36:31Z,3.465721368789673,9
277.1573791503906,322,983.3333129882812,3.465721368789673,Z2,2020-02-04T20:41:32Z,3.477825164794922,9
277.1573791503906,323,984.1666259765625,3.477825164794922,Z2,2020-02-04T20:46:32Z,3.477825164794922,9
277.1573791503906,324,984.9999389648438,3.477825164794922,Z2,2020-02-04T20:51:33Z,3.483877182006836,9
277.1573791503906,325,983.3333129882812,3.483877182006836,Z2,2020-02-04T20:56:33Z,3.491946220397949,9
277.1573791503906,326,986.6666259765625,3.4455482959747314,Z2,2020-02-04T21:00:28Z,3.471773386001587,10
276.1421203613281,327,983.3333129882812,3.471773386001587,Z2,2020-02-04T21:05:29Z,3.477825164794922,10
276.1421203613281,328,984.1666259765625,3.477825164794922,Z2,2020-02-04T21:10:29Z,3.477825164794922,10
277.1573791503906,329,985.8333129882812,3.477825164794922,Z2,2020-02-04T21:15:29Z,3.483877182006836,10
277.1573791503906,330,988.3333129882812,3.483877182006836,Z2,2020-02-04T21:20:30Z,3.483877182006836,10
277.1573791503906,331,985.8333129882812,3.483877182006836,Z2,2020-02-04T21:25:30Z,3.491946220397949,10
277.1573791503906,332,987.4999389648438,3.491946220397949,Z2,2020-02-04T21:30:31Z,3.4979982376098633,10
277.1573791503906,333,990.8333129882812,3.4979982376098633,Z2,2020-02-04T21:35:31Z,3.5040500164031982,10
278.1725769042969,334,988.3333129882812,3.5040500164031982,Z2,2020-02-04T21:40:32Z,3.5040500164031982,10
277.1573791503906,335,986.6666259765625,3.5040500164031982,Z2,2020-02-04T21:45:32Z,3.5101020336151123,10
277.1573791503906,336,987.4999389648438,3.5101020336151123,Z2,2020-02-04T21:50:32Z,3.5181713104248047,10
276.1421203613281,337,984.9999389648438,3.5181713104248047,Z2,2020-02-04T21:55:33Z,3.5181713104248047,10
276.1421203613281,338,986.6666259765625,3.5181713104248047,Z2,2020-02-04T22:00:33Z,3.5242230892181396,10
273.096435546875,339,977.4999389648438,3.5242230892181396,Z2,2020-02-04T22:05:34Z,3.5302751064300537,10
274.1116943359375,340,976.6666259765625,3.5302751064300537,Z2,2020-02-04T22:10:34Z,3.5363268852233887,10
274.1116943359375,341,977.4999389648438,3.5363268852233887,Z2,2020-02-04T22:15:35Z,3.5363268852233887,10
274.1116943359375,342,978.3333129882812,3.5363268852233887,Z2,2020-02-04T22:20:35Z,3.5363268852233887,10
274.1116943359375,343,979.9999389648438,3.5363268852233887,Z2,2020-02-04T22:25:35Z,3.5423789024353027,10
274.1116943359375,344,979.9999389648438,3.5423789024353027,Z2,2020-02-04T22:30:36Z,3.550447940826416,10
274.1116943359375,345,980.8333129882812,3.550447940826416,Z2,2020-02-04T22:35:36Z,3.550447940826416,10
274.1116943359375,346,981.6666259765625,3.550447940826416,Z2,2020-02-04T22:40:37Z,3.55649995803833,10
275.12689208984375,347,980.8333129882812,3.55649995803833,Z2,2020-02-04T22:45:37Z,3.562551736831665,10
274.1116943359375,348,979.1666259765625,3.562551736831665,Z2,2020-02-04T22:50:38Z,3.562551736831665,10
274.1116943359375,349,976.6666259765625,3.568603754043579,Z2,2020-02-04T22:55:38Z,3.568603754043579,10
273.096435546875,350,975.8333129882812,3.568603754043579,Z2,2020-02-04T23:00:38Z,3.5766727924346924,10
272.08123779296875,351,974.1666259765625,3.5766727924346924,Z2,2020-02-04T23:05:39Z,3.5766727924346924,10
273.096435546875,352,977.4999389648438,3.5827248096466064,Z2,2020-02-04T23:10:39Z,3.5887765884399414,10
274.1116943359375,353,979.9999389648438,3.5887765884399414,Z2,2020-02-04T23:15:40Z,3.5887765884399414,10
273.096435546875,354,977.4999389648438,3.5887765884399414,Z2,2020-02-04T23:20:40Z,3.5887765884399414,10
272.08123779296875,355,974.1666259765625,3.5887765884399414,Z2,2020-02-04T23:25:41Z,3.5948286056518555,10
272.08123779296875,356,975.8333129882812,3.5948286056518555,Z2,2020-02-04T23:30:41Z,3.5948286056518555,10
273.096435546875,357,977.4999389648438,3.5948286056518555,Z2,2020-02-04T23:35:41Z,3.6008803844451904,10
273.096435546875,358,974.9999389648438,3.6008803844451904,Z2,2020-02-04T23:40:42Z,3.6008803844451904,10
272.08123779296875,359,974.9999389648438,3.608949661254883,Z2,2020-02-04T23:45:42Z,3.608949661254883,10
273.096435546875,360,978.3333129882812,3.608949661254883,Z2,2020-02-04T23:50:43Z,3.621053457260132,10
272.08123779296875,361,976.6666259765625,3.615001678466797,Z2,2020-02-04T23:55:43Z,3.621053457260132,10
272.08123779296875,362,976.6666259765625,3.562551736831665,Z2,2020-02-04T23:59:37Z,3.5948286056518555,11
272.08123779296875,363,974.1666259765625,3.5948286056518555,Z2,2020-02-05T00:04:38Z,3.6008803844451904,11
272.08123779296875,364,974.9999389648438,3.6008803844451904,Z2,2020-02-05T00:09:38Z,3.608949661254883,11
272.08123779296875,365,974.9999389648438,3.608949661254883,Z2,2020-02-05T00:14:39Z,3.608949661254883,11
271.06597900390625,366,974.1666259765625,3.608949661254883,Z2,2020-02-05T00:19:39Z,3.621053457260132,11
272.08123779296875,367,974.1666259765625,3.615001678466797,Z2,2020-02-05T00:24:40Z,3.627105474472046,11
271.06597900390625,368,974.1666259765625,3.621053457260132,Z2,2020-02-05T00:29:40Z,3.627105474472046,11
271.06597900390625,369,974.9999389648438,3.627105474472046,Z2,2020-02-05T00:34:40Z,3.627105474472046,11
271.06597900390625,370,974.9999389648438,3.635174512863159,Z2,2020-02-05T00:39:41Z,3.635174512863159,11
272.08123779296875,371,976.6666259765625,3.635174512863159,Z2,2020-02-05T00:44:41Z,3.635174512863159,11
272.08123779296875,372,974.1666259765625,3.6412265300750732,Z2,2020-02-05T00:49:42Z,3.6412265300750732,11
272.08123779296875,373,976.6666259765625,3.6412265300750732,Z2,2020-02-05T00:54:42Z,3.6412265300750732,11
271.06597900390625,374,973.3333129882812,3.6412265300750732,Z2,2020-02-05T00:59:43Z,3.647278308868408,11
271.06597900390625,375,975.8333129882812,3.647278308868408,Z2,2020-02-05T01:04:43Z,3.647278308868408,11
272.08123779296875,376,974.9999389648438,3.647278308868408,Z2,2020-02-05T01:09:43Z,3.6533303260803223,11
271.06597900390625,377,974.9999389648438,3.6533303260803223,Z2,2020-02-05T01:14:44Z,3.6593821048736572,11
271.06597900390625,378,973.3333129882812,3.6593821048736572,Z2,2020-02-05T01:19:44Z,3.6593821048736572,11
271.06597900390625,379,973.3333129882812,3.6593821048736572,Z2,2020-02-05T01:24:45Z,3.6674513816833496,11
272.08123779296875,380,974.1666259765625,3.6674513816833496,Z2,2020-02-05T01:29:45Z,3.6674513816833496,11
271.06597900390625,381,973.3333129882812,3.6674513816833496,Z2,2020-02-05T01:34:46Z,3.6735033988952637,11
271.06597900390625,382,974.9999389648438,3.6735033988952637,Z2,2020-02-05T01:39:46Z,3.6735033988952637,11
271.06597900390625,383,974.9999389648438,3.6735033988952637,Z2,2020-02-05T01:44:46Z,3.6795551776885986,11
271.06597900390625,384,974.9999389648438,3.6795551776885986,Z2,2020-02-05T01:49:47Z,3.6795551776885986,11
271.06597900390625,385,976.6666259765625,3.6856071949005127,Z2,2020-02-05T01:54:47Z,3.6856071949005127,11
271.06597900390625,386,977.4999389648438,3.6856071949005127,Z2,2020-02-05T01:59:48Z,3.693676233291626,11
272.08123779296875,387,978.3333129882812,3.693676233291626,Z2,2020-02-05T02:04:48Z,3.693676233291626,11
272.08123779296875,388,978.3333129882812,3.693676233291626,Z2,2020-02-05T02:09:49Z,3.693676233291626,11
271.06597900390625,389,975.8333129882812,3.693676233291626,Z2,2020-02-05T02:14:49Z,3.69972825050354,11
271.06597900390625,390,974.9999389648438,3.69972825050354,Z2,2020-02-05T02:19:49Z,3.69972825050354,11
272.08123779296875,391,979.1666259765625,3.705780029296875,Z2,2020-02-05T02:24:50Z,3.705780029296875,11
271.06597900390625,392,974.9999389648438,3.705780029296875,Z2,2020-02-05T02:29:50Z,3.711832046508789,11
271.06597900390625,393,976.6666259765625,3.711832046508789,Z2,2020-02-05T02:34:51Z,3.711832046508789,11
271.06597900390625,394,975.8333129882812,3.711832046508789,Z2,2020-02-05T02:39:51Z,3.717883825302124,11
271.06597900390625,395,977.4999389648438,3.711832046508789,Z2,2020-02-05T02:44:52Z,3.717883825302124,11
271.06597900390625,396,978.3333129882812,3.717883825302124,Z2,2020-02-05T02:49:52Z,3.717883825302124,11
271.06597900390625,397,976.6666259765625,3.717883825302124,Z2,2020-02-05T02:54:52Z,3.7259531021118164,11
271.06597900390625,398,976.6666259765625,3.6795551776885986,Z2,2020-02-05T02:58:47Z,3.693676233291626,12
271.06597900390625,399,975.8333129882812,3.693676233291626,Z2,2020-02-05T03:03:47Z,3.69972825050354,12
270.0507507324219,400,972.4999389648438,3.69972825050354,Z2,2020-02-05T03:08:48Z,3.69972825050354,12
270.0507507324219,401,971.6666259765625,3.69972825050354,Z2,2020-02-05T03:13:48Z,3.705780029296875,12
270.0507507324219,402,970.8333129882812,3.705780029296875,Z2,2020-02-05T03:18:49Z,3.711832046508789,12
272.08123779296875,403,981.6666259765625,3.705780029296875,Z2,2020-02-05T03:23:49Z,3.711832046508789,12
273.096435546875,404,984.9999389648438,3.711832046508789,Z2,2020-02-05T03:28:49Z,3.711832046508789,12
274.1116943359375,405,985.8333129882812,3.717883825302124,Z2,2020-02-05T03:33:50Z,3.717883825302124,12
274.1116943359375,406,984.9999389648438,3.717883825302124,Z2,2020-02-05T03:38:50Z,3.7259531021118164,12
273.096435546875,407,984.9999389648438,3.7259531021118164,Z2,2020-02-05T03:43:51Z,3.7320048809051514,12
273.096435546875,408,984.9999389648438,3.7320048809051514,Z2,2020-02-05T03:48:51Z,3.7320048809051514,12
273.096435546875,409,981.6666259765625,3.7320048809051514,Z2,2020-02-05T03:53:52Z,3.7380568981170654,12
273.096435546875,410,984.9999389648438,3.7380568981170654,Z2,2020-02-05T03:58:52Z,3.7441089153289795,12
273.096435546875,411,984.1666259765625,3.7380568981170654,Z2,2020-02-05T04:03:52Z,3.7441089153289795,12
272.08123779296875,412,979.9999389648438,3.7441089153289795,Z2,2020-02-05T04:08:53Z,3.7441089153289795,12
271.06597900390625,413,979.1666259765625,3.7441089153289795,Z2,2020-02-05T04:13:53Z,3.7521779537200928,12
272.08123779296875,414,980.8333129882812,3.7441089153289795,Z2,2020-02-05T04:18:54Z,3.7521779537200928,12
271.06597900390625,415,980.8333129882812,3.7521779537200928,Z2,2020-02-05T04:23:54Z,3.758229970932007,12
272.08123779296875,416,980.8333129882812,3.758229970932007,Z2,2020-02-05T04:28:55Z,3.758229970932007,12
271.06597900390625,417,979.1666259765625,3.758229970932007,Z2,2020-02-05T04:33:55Z,3.764281749725342,12
271.06597900390625,418,980.8333129882812,3.764281749725342,Z2,2020-02-05T04:38:55Z,3.764281749725342,12
270.0507507324219,419,974.1666259765625,3.764281749725342,Z2,2020-02-05T04:43:56Z,3.770333766937256,12
270.0507507324219,420,972.4999389648438,3.770333766937256,Z2,2020-02-05T04:48:56Z,3.778402805328369,12
270.0507507324219,421,975.8333129882812,3.778402805328369,Z2,2020-02-05T04:53:57Z,3.778402805328369,12
270.0507507324219,422,974.1666259765625,3.778402805328369,Z2,2020-02-05T04:58:57Z,3.784454822540283,12
272.08123779296875,423,982.4999389648438,3.784454822540283,Z2,2020-02-05T05:03:57Z,3.790506601333618,12
272.08123779296875,424,983.3333129882812,3.790506601333618,Z2,2020-02-05T05:08:58Z,3.790506601333618,12
271.06597900390625,425,979.1666259765625,3.790506601333618,Z2,2020-02-05T05:13:58Z,3.790506601333618,12
273.096435546875,426,985.8333129882812,3.7965586185455322,Z2,2020-02-05T05:18:59Z,3.7965586185455322,12
272.08123779296875,427,985.8333129882812,3.7965586185455322,Z2,2020-02-05T05:23:59Z,3.7965586185455322,12
272.08123779296875,428,982.4999389648438,3.7965586185455322,Z2,2020-02-05T05:29:00Z,3.7965586185455322,12
271.06597900390625,429,979.9999389648438,3.802610397338867,Z2,2020-02-05T05:34:00Z,3.8106796741485596,12
270.0507507324219,430,979.1666259765625,3.802610397338867,Z2,2020-02-05T05:39:00Z,3.8106796741485596,12
271.06597900390625,431,978.3333129882812,3.8106796741485596,Z2,2020-02-05T05:44:01Z,3.8106796741485596,12
271.06597900390625,432,981.6666259765625,3.8106796741485596,Z2,2020-02-05T05:49:01Z,3.8167316913604736,12
271.06597900390625,433,982.4999389648438,3.8167316913604736,Z2,2020-02-05T05:54:02Z,3.8167316913604736,12
